locus_tag,cluster_id,uMax,MeOH,NoCu,lowCu,medCu,highCu,LanzaTech,lowCH4,lowO2_fast_growth,aa3_KO,NO3_lowO2_slow_growth,highO2_slow_growth,lowO2_slow_growth,lowO2_fast_growth,lowO2_low_iron_fast_growth,WithLanthanum,NoLanthanum,crotonic_acid,slow_growth,unknown,gene,product,start_coord,end_coord,length,translation,group,go_terms,desc_string
EQU24_RS00160,13,0.14304546023445566,-0.27989657880478336,0.8682375486877207,0.8382978306699256,0.1527100402476325,0.6074401143169409,1.5439672979644246,2.5974337292437912,0.6756588113713853,2.7037890495882113,1.482984724192546,1.0023367365306168,2.476134254595012,0.6756588113713853,0.8070474352868664,2.4446273582686446,2.270562515391993,0.9739304125583538,3.035882656845237,2.260036766201336,,hypothetical protein,36419,36716,298,MKTLSTSLLALALTAAVSSSAFAEGSKIEKSTLINASKNTLTNTQAIGRNSSANTGSISVESSKVEKSTVINASKNTLTNTQAIGRDSSANTGSIDIK*,else,['GO:0016020'],EQU24_RS00160||hypothetical protein
EQU24_RS02085,13,0.17029363266768924,0.5730322128295311,1.8647912195048544,2.1226259365706763,1.348388949403544,0.12452878054447515,2.468050790532184,2.928704476348317,1.2720189617124855,3.0189872508142424,3.1184644778542383,4.555152978723556,2.502891603008785,1.2720189617124855,1.4324591786842418,3.2033704221618238,2.9471078409171034,1.7963155796433996,3.654233121713384,4.213178785845538,,S8 family serine peptidase,442165,444001,1837,MNSNSRRSQKNQNTFKPTQLSKALAAVLIAGVFGGASGTTYAAPDKPWKEGQILVKPKAGLSDIEFDRILKRNNGQGKGAIGNLNVHIVSVPAQAEQAVVRALSRNPHIEFAELDMAVELSFVTPNDPRYGNQWHLPKIQAPTSWSSSKADNTVIAILDTGVDSSHSDLSGKLIPGWNSVDGSGDTSDINGHGTAVAGVAGAATDNANGVAGVAWNAQILPVRISNRSDGAAYFSDIARGLNWAANQGADVANISYGVSNSSAVTNAAQYMRSKNGLVVVAAGNDGIDPGFADNPYMISVSATTSSDAKASWSNYGAFIDVAAPGASIQTTSRGGGYGNWNGTSFSSPVTAGVVALIKGANPTLTPDEVEQILKASADKIAGDFHPYYGHGRVNAAVGVEMAQSMVNVTVDKEAPSVNIFSPTGGSTVSGLVEVEVNATDNVGVSEVTLYANGLYVGTDTTAPYQFSWDSSQIADGSVTLSATAIDAAGNEGVSSDVNVTVKNAIEQVEEVVDEPVEEVIEDIAAPTVAISNPADGSRVTKVVKIDVSAEDDVAVANIRLFINGRMVSSVDGGSLSHNWNTNRESRGTYIIEAIATDTSNKTAKHTITVFK*,else,"['GO:0004252', 'GO:0006508']",EQU24_RS02085||S8 family serine peptidase
EQU24_RS02090,13,0.017338907563639632,0.27012764449227544,0.8179321786325264,0.8705427339123956,0.12849521139367318,-0.7992266586409505,-0.9235452304720886,1.7566123922566366,1.0871700517186045,1.0790997149483568,1.8641029334055228,3.10698558389942,1.3338926013635286,1.0871700517186045,0.1899883020819324,1.9757299450514547,1.7657129213112892,0.734123620832908,1.9222704120614345,1.7676025596802576,,transposase,444113,445019,907,MLYPTNAEKRSDLIPSHAGDTGHCGSRTKSGSTFAAGICSRPRRRGQTGLRTGGGQALADELGAHYAPRGITVLGDDLYCHQSFCEAVRAQHMDFLFVCKPDSHELLYEWLDDFTRTGEIQTLEKSRWNGKQRMTERYRYFNQVQVQVPLRNSDDALMVNWCEVTTLNAKQEAVYRNAWTTSHTLDEHNVIEMVAAGRARWKIENENNNVLKNHGYHFEHNFAHGKQQLSNFLATLNLLAFLTHTALEWLDEAYRAVRNDAPSRRTFFEQFRTLLQFMPFDNWQHLMRFMLYGENQIPRKT*,else,"['GO:0003677', 'GO:0004803', 'GO:0006313', 'GO:0016020']",EQU24_RS02090||transposase
EQU24_RS02975,13,0.21510992371784085,-0.8905377964512583,1.1352903606154836,1.0122374747506675,0.4405935665564058,1.330372197839898,2.2887434990248763,1.5343766501200267,2.4627435485730516,4.003022274356532,3.581715818224033,-1.0452594680937468,1.996004419195556,2.4627435485730516,1.1684316479757215,3.322801182250141,3.2766712775966518,2.5093936700141524,3.8969653152896897,2.654828227049944,,hypothetical protein,635255,635465,211,MSGDLIQLVVAMLVIALVAFAPLGYFILKFTQENGKPFGEIEPHGDSPSLVNDLAEKAIAFAKGLMSKQ*,else,['GO:0016021'],EQU24_RS02975||hypothetical protein
EQU24_RS04950,13,0.20892310052410504,-0.015939417277063803,1.2904780623567311,1.2759357365271269,0.9625113126868632,0.2873976860528684,1.1718789274808727,1.2411251447333858,0.4057257156812369,2.78165056769786,2.122646103166719,2.402817091528997,1.8628471865396148,0.4057257156812369,0.6737837423655628,2.1481530241616467,2.1217143400916294,1.7914881117111443,2.5169449240864057,3.485806042258373,,hypothetical protein,1053573,1053774,202,MDSQLQAQQRAQFIDRVHQEFLVMTGYGAHVHINTHGILMLFNQFLNQQKPEREFIRATVASLKRA*,else,[],EQU24_RS04950||hypothetical protein
EQU24_RS06670,13,0.08795648081232071,-0.007945214543017096,0.8753717318583197,0.9644013928167482,0.4858325688307455,-0.379017644989025,0.4713978815939232,-0.07505921565427126,1.595467714648556,2.6594428162091086,2.939447515458203,1.2677000606177542,2.1525097588127697,1.595467714648556,1.6051903296042953,2.658884901233232,2.5659277240397818,0.8798992938155104,3.015366416038449,3.054642589608887,,hypothetical protein,1466143,1467403,1261,MLKKSTKETLKVVLSGMDERTRKTLTLYLHGPCKAAGVTIVDFLEADLEIIDADLREGRLLLSKRFSETLHRPLIVLSLQEISREGVFYIKKPVQVESMLAALDKIRTQLRQLQQNRSIASAKPGLLKEKESSTNSRTSPITNHQVSEPTKKQLEVDASERNKSAKHQTAMQLSDKGFSVLSAGLEPLDINNIEQLKRAAYNPKEYFQGFVQSAIKVAKDRDQVLQLHTGWKLMLILPRSNEIWLDADDKQLRAFSGLAINKNSSKKMSISWPDPKLILNGALDKFQNMEAIVWKLACWTSKGRYPRHIDIERPVYLKQWPNLTRLVVTPHALRIAALLIDKPVAPIKIAGLLHIKPEYVFVFISAASALGLLKQSDRNADCDILPPELKPNRNKSLLSRIIDKLRVNKLNGLDSNEPI*,else,[],EQU24_RS06670||hypothetical protein
EQU24_RS06675,13,0.0928773029661324,-0.3642522087303231,1.037896344713845,1.0955533779446742,0.7936313318162793,-0.684014385836498,-0.06200436961915309,-0.4026256138890122,1.889602706043008,2.430747854571905,2.693731661989146,0.90529024305139,1.7687497132887269,1.889602706043008,1.307018951773729,2.6339925316639716,2.4967162161357,0.4143334627252864,2.9195941080110765,2.9149487906464757,,GTP-binding protein,1467389,1467926,538,MSQYKIIFTGPVGAGKTTAIQSISDIAPIKTDAAASDMTKSRKAGTTVAMDYGVMNLAGGEKLHLYGTPGQERFDFMWDILTSGGIGLILLLDNTRTDPFQDMKFFLEAFSDFIEKTQVAIGVTQMDLSSRPVINDYHKKLKEMDMNIPVFTVDARVKNDVSLLIQALLYSLDPGLEA*,else,[],EQU24_RS06675||GTP-binding protein
EQU24_RS06680,13,0.12448481133991507,-0.1083609198067876,0.5181455018285714,0.6795117564129172,0.2424567264351491,-0.929808150608366,0.1429373125723356,0.13298316531147286,2.414597400090184,2.103310041226523,2.7298919781654614,0.9163800467634122,1.4860250263371682,2.414597400090184,1.343776205821006,2.244084513102073,2.1851141274548347,0.2586289672517895,2.3916365643146853,2.462598887335847,,hypothetical protein,1467927,1468572,646,MADYKLSEGLFLLPTPAGAYYAVASREQDKARQFLRSLFRQQRTPALTEDSLLTLMENDEPHICFERLHHCQRLGLVQGLEQAIEAPSGAFEQILPNMLGSLTENGKVLLADHQGFYLVCHGFAHETAEELSALGAEIASIHERRSGLLFNNMGLNSHAWAVVDAAGNSQVGFWPLFIGETRFIVAISGMPHFNRPEFVELVWALFSRYAANRK*,else,[],EQU24_RS06680||hypothetical protein
EQU24_RS06685,13,0.15630879019485314,-0.4908683818506816,0.9348796211129576,0.974910287383122,0.746044236958318,0.3742885127883719,0.2207185481330495,-0.2740799983353988,2.616232928251297,2.442274606099332,2.661782908554136,1.0590263563369724,1.866951415483609,2.616232928251297,0.5630599178907152,2.7043634194006443,2.6615783790474383,0.34147915232352394,2.741616976777554,2.695655120631606,,hypothetical protein,1468953,1469316,364,MRADMLTSVLTELNGTSADIEASGVISTDGLMMACVLPAGMDEDRVGAMSAAMLSLGDRTAQELGRGTLEQVLIKADRGYVLMTYAGEEAVLTVLAKPNAKLGLIFLDVKRAAQHISEML*,else,"['GO:0005085', 'GO:0032008', 'GO:0060090']",EQU24_RS06685||hypothetical protein
EQU24_RS06690,13,0.1671632642763034,-0.06909994718071437,0.6066434332627838,0.7060163776067221,0.3567547467834468,-0.4533113670147741,0.3085169255515101,0.10136538911662428,2.1826394764404644,2.3457709120666306,2.592699293153528,1.1819726687764105,1.7622722601387175,2.1826394764404644,0.8186665419812688,2.307300848183925,2.165184207073415,0.5923161988233635,2.5146132256232456,2.2942053846694823,,PAS domain-containing protein,1469344,1469836,493,MIHDMQPEFIKGEYQEATLELYGGIRRRVLYNESEIPYPDGKLIVSTTDPEGIITHVNQSFVDMSGYTEAELIGAPHSILRHPDMPSAAFKDLWDTVNRGDKWQGFVKNLRKDGAYYWVKATVIPNVRQGKVVGYTSVRRKPSRTKVEESIKLYSAMIQQERA*,else,['GO:0005515'],EQU24_RS06690||PAS domain-containing protein
EQU24_RS06695,13,0.09850017451590837,-0.00945182795820788,0.9131306198768618,1.2621603533701553,0.6848877039670955,0.22974027063869895,0.6387710892555357,0.4824506000548773,2.2971281628950475,2.8276058906213204,2.9922962046007986,1.658798979705847,2.186327098758199,2.2971281628950475,1.4636776129450906,2.8297603581341155,2.7713468892246627,0.5203440668440279,3.455177962732197,2.7190286564294746,,phosphate/phosphite/phosphonate ABC transporter substrate-binding protein,1469832,1470579,748,MTFKFTVSPDFTPDHLSGWYIFNTWLQKQTDSAIHLEIYNDFQLQREAIAHDQIDLIYANPFDAAMLVREKGFMPLVKPQGESDEAIIAVNADSAIQCVTDLKPGTRVSYTDDPDVRLMGMIMLEPGDLDVGNIQGVPCDTYILVAKHLLQGDADVGIFLAEAYDDLSEMIKKRLRILVRSQIGVIHHSLMIGPKLKDKKELFEKCLLKMAEETKGGGVLESLGFKGWEKVDEEEMEFMIDLMDTLNV*,else,[],EQU24_RS06695||phosphate/phosphite/phosphonate ABC transporter substrate-binding protein
EQU24_RS08735,13,0.1909207368320868,0.29749377321350023,0.5411493382401221,0.5011822165715561,0.2621182435524801,0.3198288544674435,1.8541325428103064,1.861337738136928,0.6548633350546187,2.963159501141011,2.3887223524168713,1.3276760199055468,1.7719646145288732,0.6548633350546187,1.3283612139856038,2.429870137733076,2.3804279252758405,1.5710701079636094,3.4608894506995003,1.8718812517765195,,hypothetical protein,1937049,1938378,1330,MITDEIMITMAATLSTTLVIMLLAIRNTVHKKRLRRSLDWLETAKHSKYDTAHFQALKNDIDPTYIYSGNSSTSTFKLSLKISFGIAVLLGFSWWTFQLFTKGVLIWAAVSGLFAVIGLILPFLIWREVKQREEIKSRAGRTLKQIEKNLKQSHSEISEQSRKPAASTVSIIESAPVTDTTIRVEQKIPIPEDSVLRRHVLTQLRTEVEESLFPRPADCVLLRHYEQLGESEVKNRLLNPEALQHFKFIDGIEIPDAAASTSIIDVKEKSSPIELAIVGTPSKSDSKHEVPEDSVLRRDWLTQLRSEIEASLFPRPTDCVLLRHYEQLVESELENRLVNPEDLSLFKFIEGRESALDSSAPSKPKRIDTLINKPASKAKNEPEQITIPEDSVLQRHFISQLRSEIETEVYPRPTEATLQRHYDQLIEAELASHLKWNTNWIR*,else,['GO:0016021'],EQU24_RS08735||hypothetical protein
EQU24_RS10990,13,0.07447443434947533,1.143848984067399,1.026755668897694,1.3200315164210812,0.9464766111727928,0.4064072523456833,1.947813585103468,3.2044656205827886,0.3742143743532092,3.3403339419485323,2.4763617050663607,2.4844668488851407,2.320727062026183,0.3742143743532092,1.4212700548619386,3.53749129637446,3.5474432307731516,1.9040182790493607,3.9065096624285847,2.3192036488664143,,hypothetical protein,2451743,2452298,556,MNRITQLKVSSRFAALNLGLLLAIAHFPQTADAADPDIILLEKPGDAPYSHKSITIRPTGDAAQLLVIQDSETTVCPIPYESYSAILDFLVKYEADQLEDQLAGPNFPVAPGGSRFTLSVIGNSEKYQWIADDVDNPRANRAYKDIVNHIMSSTERLLNDDSIECIKRGDDDNGNDDQDEETIR*,else,[],EQU24_RS10990||hypothetical protein
EQU24_RS10995,13,0.062428958263570776,0.9892474245008592,1.082531910375462,1.178640319634651,0.7081584941686678,0.3336427393980008,2.0337431889616706,3.0057014242582185,1.149543629568602,3.28483602648183,2.551144614550678,2.60534079658522,1.9398991153698253,1.149543629568602,1.1594643872152015,3.4723512764196083,3.4698937531424896,1.4487519459231306,3.7559325908436434,2.601496023629996,,HYR domain-containing protein,2452409,2454107,1699,MFKPKSKLCYPILLILGLAPMAGYAVNTTIVGTVGDLNNSGSDADERALVESAAACWDARITTNRNFRLEVSGSSLTGGTLGTGFTSAVNASNIPTEGITTFDNDGSTVWYVAPAPDGAASPTDTYDFDPIAGSQWQFENGPNRADLYSTLLHEFGHAHGWLCGEPCGFTNPNYDAMKNPSPGNFVSNSACTSPFPVAGQAPNPGCVHLQSGAYDVSLRGDGLGGSGSSVVNELSHPGVGGDLMLGFSGGNGVRRTISQDNLRMFTEAYGDTVNLPPTLNPQNITEECSVTGGANIILDANAQDPENNPLTYNWRCPADVALNDDSAANPEGFFPLGTKRCRVDVNDNVAACLPNAAEFTVRVQDTTKPNLTCPTAVTLECSAPGGNNATDSEIAAFLAGASVNDICDANPSLNNDAPDFFDLGVTPVKFSSSDKSGNTASCSSNVTIQDTTPPEIESLTATPASLWPPNHKMVNVMVDVSVSDVCDPSASCKITSVSSNEPVNGLGDGNTSPDWNITGDLTVELRAERSGKGSGRVYTITVECSDASNNTSQKTVDVKVAHDQR*,else,"['GO:0006508', 'GO:0008237']",EQU24_RS10995||HYR domain-containing protein
EQU24_RS11625,13,0.21750018208127944,0.43658513298615503,1.6945730205977936,1.72705843688691,1.4647132298035843,1.2300537710744228,1.297328990436767,1.8265144956794976,1.1012916335732987,2.8247046924614643,2.575593679914608,2.159580667944456,1.9816407353934975,1.1012916335732987,1.0622487441079569,2.5619109084895046,2.605517157916992,2.2286270662539582,3.5524276735775,1.7559016702518595,,peptidoglycan DD-metalloendopeptidase family protein,2598277,2599069,793,MFLFKLVARRDWRVLMLAGAAVSCGQVVLPDSEMATIPSVSRPEPAKATIDSSYYVVQPGDTLYSIGFRSGHGYQVLAAWNGIKPPYKILVGQRLKMFDPGPEKPTIVKPSNDLGSLVRAPVEKRNSSQKKSIVSNDKKKLLKLHWQWPITGIILKNFSQSGRKGIDISGRLGQSVKATEAGKVVYSGTGLIGYGNLLIVKHNETYMSAYANNSLLLVEEGEYVDKGQKIAEVGKSASGQAALHFEIRKNGNPVNPIEYLPKN*,else,[],EQU24_RS11625||peptidoglycan DD-metalloendopeptidase family protein
EQU24_RS12145,13,0.13620494546782316,1.2846501595319515,1.090903707436368,0.8227639528783894,1.1097841528949406,1.224971429423481,1.4367888923597498,1.1195945669419871,0.9240836533661791,2.4667576836159606,2.5620162241415603,1.3657323824032384,2.970028002261102,0.9240836533661791,-0.15787316860483586,5.867854980832933,5.40295962991929,2.596462740370473,2.8070275295269926,3.609434324396671,,hypothetical protein,2715102,2715426,325,MAPLSAEARMNAETEHQPQFIYQSKSINHNIYSYLSKQAGVVSLKPTLIYVNRAYGQAIHSYAHAGEETEIPLTIEYVNKAYNPAIYSYEAAELKQEVNVPPTVVVD*,else,[],EQU24_RS12145||hypothetical protein
EQU24_RS12305,13,0.2292788590189647,-0.6326578089391569,0.6154338761328542,0.3865654624102304,0.0013377516032637635,0.2751709096719688,2.3653241374080705,2.0881273635300905,1.842710417606624,2.9252760409073613,2.5633168606929164,-0.08628184046885393,1.2100029555960838,1.842710417606624,1.5845902474036655,2.8312094004960446,3.0452150200885457,1.7491645927786177,2.65987961256184,2.18502515691614,,hypothetical protein,2754633,2755077,445,MKLLKTMTIGLLMSASQMVIAEDHSAVALEHAHAAVEHGKLGHAPILVEHAEAALEHALKAMESAEGEEKAHLEAAIKVLEYSIEHGKMDHADIATPPAEEAVEHIQKSTQAKGSAAAGEIAIEAPKETPKSSSGKWPVTGYKKINQ*,else,['GO:0046872'],EQU24_RS12305||hypothetical protein
EQU24_RS12835,13,0.16789583882758286,0.7828597849974845,1.1143565777874194,0.5785367327298382,0.8389755448420063,1.0489721146832542,-0.7860578470565407,1.5468117161366648,1.209174037714831,0.03394854288940261,1.5323761919043732,1.3750061440371817,1.6795146137979122,1.209174037714831,0.7801155328740477,2.3953722566434767,1.9631855353382144,0.5655520031792973,2.190943635084507,2.5771841629036416,,prepilin-type N-terminal cleavage/methylation domain-containing protein,2878875,2879517,643,MSNGQKNPIRHWRSLYILARGIEMNKLLPIKMNEAGFTAVELLITITIAGIIATLAIPSYQDMLERNRLKQALESLKGDLKLARTEALKRHQPIVVSRKTGNQGAWCYGLAIRTPAKANCNCEQTNIGANDFCDVKRILGNDFEYITMEPAGINNNTFNPRRGTVAAGGVTFSTAKYAARVVFADTGRVRICRPQSANMPSGKVGLPSVTANC*,else,"['GO:0015627', 'GO:0015628', 'GO:0016021']",EQU24_RS12835||prepilin-type N-terminal cleavage/methylation domain-containing protein
EQU24_RS12840,13,0.1058135698957562,0.3593137099257249,1.3211514897726078,1.1553572468809807,1.1758477156318503,1.0606774494793836,0.3334998545351903,1.4692646767970623,1.6008563590233127,0.9539224869103696,2.0916468690894137,2.452538047508324,2.206445245645581,1.6008563590233127,1.2556156312672029,2.5036422385611083,2.032352074438664,0.5671027572934716,3.2939449657933237,2.7791783026947603,,prepilin-type N-terminal cleavage/methylation domain-containing protein,2879551,2880061,511,MKNQTNQGFTLLEALITIAIAAIILVLAVPSYRDVLERNRLKGAVESVADDLKFTRTQAIKQSTDVTLELKGTTDWCYGISLGNSGCDCETVGSCSIKVVDGTQFSDIALDGDNSATFLFRRGTTDINNNIEITLNSPVYTARIIVNRSGRVFICTPGGTTGLPSYPDC*,else,"['GO:0015627', 'GO:0015628', 'GO:0016021']",EQU24_RS12840||prepilin-type N-terminal cleavage/methylation domain-containing protein
EQU24_RS12845,13,0.1561485912553921,0.6483265122238528,0.9795642783658984,0.8739362476176585,0.7485625101784998,0.5452893979399501,-0.09990692090543096,1.4910286694548804,1.374886125400986,0.595135559952501,1.5458633759496725,1.817330140165788,1.7065986355583105,1.374886125400986,1.3526195605475748,1.8413212002608417,1.4853929403113055,0.3709771504223436,2.507635296611213,2.0045031968599987,,hypothetical protein,2880078,2880837,760,MKKVMGFTLMELMISLLLGLIIIGTIITVYIATIRGSSDVIGSARLNHDMESAMMLMTNDIRRTGYWGGAVDGSDSRNNPFTSPTTDIAVIDFNGTGDCILYSYDANGSGHFDNNGDGTVDDTNEFYGFRLNNNTIEMRLTGVNTTDCSNTNANWQAMTLNAGGEQINITNLEFSFGPLAGLAGTSRCFNFSTKTITDDAIDCDPAPSTGDNVIQKRVVNIRMTGVLANDVNVSKTINGTVQIRNDRLYTQP*,else,['GO:0016021'],EQU24_RS12845||hypothetical protein
EQU24_RS12855,13,0.14105030830781534,-0.009911959690450474,1.0035776853255527,1.006302617267378,0.95024939438982,0.7838855272391246,0.9680626933523199,1.2035401223425783,1.9202511868181669,1.2028468220132342,1.8209975107707437,2.284793596664369,1.7754355094545218,1.9202511868181669,0.6529916397083311,2.417142173455228,1.989811796613884,0.4009728446685077,3.0157164772843514,2.429475648691013,,hypothetical protein,2882161,2884495,2335,MNVTNTLTRNNGIGLIEVLIATVVVAVGLLAISSLQINLISGSSNNKIRSEAMLLANLKLEELKDRIEKEDSFDEIASGKETNWIVGSNENFARYWLVTDQTNPERKVVEVKVAWGATGQMVLNAANAAAANAAANSSASIANEQVIVQSVISFQSPGASMLAASDDERGLNAMSPSPSAESSDKIFDDLNVPLDDLTLFDAERGIYTREINGETQYFKENDMGGGDRVFLCSDLVYFENNLYTRRVNDDSIAGDESIELFSDNNDGLSCTRQIRFNGGIIIPIRGIVYSRATTGNNPNAGLLDVNLFTFNASESGAYCVFNPIANSTEAPYVCYVGGNCINGPDGTHLPRVDAETPLQLATAGQHTAVTECPKPAVAQIKVGPGGWRGNVGLLGIASNGNNVCFAEELAGPSSTINTARAYYTRRTNGNIVSNEGINKPYDCHNFLIINGKNTLTQISNECKARAATISGLKLASKYIQRNLTGTSPNSVDLITDVSYCPGDVAPTILVSGEIKNASTAPTVTITDGIQTPVECQATTTAYSCTITTNEPALTVNATSGSLVATCVMAPSTVGCTLNLATPTLTTYTITGNIIGGRREEVVIELAGTACTIDHTNAPSIYTCSIQTTANIATLSASGGGVTPSSVSVQLTPGTSDPTTVEGPNFNAIIPRTISGTISFTNQVTIAQASISVLEGNCGTAINPTGSQSYSCTVPDGVENTLTITISPPCSTGNNSRKYQITQGTNSSLGTGTLAIPLGTVTGNQTRDISVSRSNTNC*,else,['GO:0016021'],EQU24_RS12855||hypothetical protein
EQU24_RS13335,13,0.20021238299181615,2.1748488087222424,1.0946421477604056,1.3242143395814208,0.7621389512829625,0.6724721040829633,3.923502720846516,2.244709816000193,0.8657343554290798,2.906174579722805,1.758356891886954,2.2432670159611208,1.922810971493799,0.8657343554290798,1.35432981769721,2.759087723775205,2.6546102925006334,2.1555470253533286,2.7760965286341928,3.5613012309186463,,hypothetical protein,2973419,2973671,253,MDISPTNSALNLINGAQHKSAEAAHKIAALPIKNDEVGSSEFEPRDIIKPVLSLKEAEFETSAAVKILETEKKTIGSLLDIKA*,else,[],EQU24_RS13335||hypothetical protein
EQU24_RS15510,13,0.2159840417470515,1.12898275980054,1.0933801626337205,1.0114587066314364,0.6673469064021785,0.7806418406121058,3.378056803284464,1.382378006216003,0.5943921319068998,2.1974919973209017,1.763649951685045,1.9111957172787168,2.239164414072828,0.5943921319068998,1.8259288981491053,2.768129879642211,2.4960389017683946,2.0750440231743337,2.4347967312830097,4.178665941024035,,hypothetical protein,3472150,3472843,694,MKLKSVIEAALFAIILGLSSTASATEQPYPEGCYSWDTGNLSIVINIPRLVRVNVGLPGVGLMGMEHSFTWGGDYFMPLPFLDLLQNYSGDDLEVPAGLNGTWEMGRGRSFSVDVQDIDELAEMLDDLGMTYNLTKRFNGTVSNDGNVIKGNFLLGLVVPMQDLGLPGRAQVRIAGRFAGERQSPIPCPIPVSASAAIQEEDRVDAKNTKTTTFGQIFINMLRQAQAQPK*,else,[],EQU24_RS15510||hypothetical protein
EQU24_RS16025,13,0.09316585094929956,1.2437009258913263,0.20659074140648265,0.27941729556522177,0.011650793395449558,-0.8059432888714134,0.6365466326865818,1.7353688681066752,1.294921855910897,1.23442818016431,2.020971148359904,1.6877187281256292,1.6808861653743201,1.294921855910897,0.5244582984720872,2.6831303111042293,2.4445149749204,1.7420238140100686,1.131147678806156,4.1456063338904,,pilus assembly protein,3601734,3602241,508,MRQVASPIGDTNIKPPSGRLRGQRGAAAIEAALLFVIFFTLFYAIVSYSIPMMMMQVFNHAASAGARAGVAVERSYFDDEENAEAAYLTGVEARVRDVVEAFLDDTLLPSARANADVNLTWDNDILIVTVRYAGYRANPLVPILRFPVIGDVPRVPDDLIGRAAVQVF*,else,['GO:0016021'],EQU24_RS16025||pilus assembly protein
EQU24_RS16030,13,0.20355747614566647,0.8945860895867642,-0.1215350405349485,-0.08545543715094725,-0.4958989770159584,-0.9493469738104738,1.1391264379174904,1.213561787608756,1.217700406840009,1.3934956620655612,1.8181027078199996,1.031120376001727,2.039358680898372,1.217700406840009,0.6545392548439739,2.503467354407123,2.292923852927355,1.570227995145092,0.7841634949618986,3.614622507599458,,hypothetical protein,3602266,3602794,529,MNLLAAASVPIWILGVWVVVCGLYDLVRRRLPNKLTLGAHLAALAAYAVIGEGWLGLTFMSALAGWALALAMTMPGYVFKKLGAGDVKLFAAMGLLGGVDAVLITFVVAGLLSGVTVILWLTAYRWSFLLVRLGISLAGVPEPKGRFLPFGAALAAGFLVALFAVASGFSLSLRG*,else,"['GO:0004190', 'GO:0006508', 'GO:0016021']",EQU24_RS16030||hypothetical protein
EQU24_RS16035,13,0.21117844722091694,0.7387585536902157,0.6546455131081037,0.31326536002436234,-0.16990008339927726,-0.30419305369208394,1.3149459483579429,1.235096221106593,0.5433885717869529,2.0867314144683777,1.5257618267111392,0.4894043723420003,1.541379128314436,0.5433885717869529,0.5026051711476597,2.8074283521383627,2.58371167070879,1.7989666759410057,0.7995141495521668,3.219582292990668,,Flp family type IVb pilin,3602861,3603059,199,MNIQFKQWWGEFLRDEEGASGIEYALIAAMVAVALVAFVPGISSAVRSIFGEIQDVLTTSAGAGG*,else,['GO:0016021'],EQU24_RS16035||Flp family type IVb pilin
EQU24_RS16415,13,0.17795364458993104,1.3764750362099358,2.4232602252916524,2.554630560999604,1.6191798501846713,0.4289743940899931,2.7979996292425753,3.1339931008893283,1.6042914898549725,3.3284354578845767,3.2412049910896075,4.805879061207056,3.222919007088484,1.6042914898549725,1.6735789624569808,4.003346376030444,3.7649506488305664,2.5281811925736446,4.243469709328395,6.031264741087718,,hypothetical protein,3687181,3688282,1102,MPLPIILGAASLATAAYGAIKGYDGYQKHSEADNIIKRAQHGYDQKKTVFDDQEKDTSLALEKLGEKELDIGKNLGEFKIVADRLLQQLNTGLQNKLEINVPKHELQKIESYSYTATGVLGTVAGAGVTGAAAGFAVYGGVMALGAASTGTAISSLAGVAATNATLAAIGGGSLATGGLGMAGGTAILGAAVAAPVLAIAGWAYNSHGDEALRNARKVDGEVDAAVEKLGRAIDQLIRTGEYASKIKHTLSSIYVQFNQYFKSLKEIDGILQDVKSHNGDMDAELAKFDDAIFRVIENGYALASILVNVITTPIFKIKKVNDQIKKDKEGIPVMEKDPDGSMILNAAELDKALNLAESKAEAIETA*,else,['GO:0016021'],EQU24_RS16415||hypothetical protein
EQU24_RS16420,13,0.07999233441332562,1.174613123272743,2.11351750906908,2.3177646546733968,1.5418329744700008,0.3408186133838217,1.4435761496154562,3.011004774876205,1.3466593718721256,2.9897641314673327,3.1957794149307652,4.556673788562766,2.785133004508149,1.3466593718721256,2.03261081370586,3.822568467915609,3.5047937484336864,2.1411734935052364,4.017033040443694,5.577288139947701,,hypothetical protein,3688342,3689980,1639,MQAEAIKYPWAEELEKTVVNSLTTSFGLDFLLFKDKEGGDVDTVHNVRKGVWSTDQEKQRYEQQEGYDKDVAAAYHEHKNYIDTGKEDKKLQGQGKLHDSYRGRTMESKHDERNLDHVISAKEIHGDAGRVLAELDGVELANQSSNLQSTHATINKSKNSTPIDDYLNKLPGILNARKETQAKDQQLLTSMKRDTPKQQQKARELEDKIRKNNETIKQLESIDPDEMRKRDAAARSPYNQQINFEYYTSSKFLKQTAKASSLAGLKMGTRQMLGMVLAEVWFELRQQIPAIFEKNKKNFDFGKFIEGVKETLQGIWRRVQARFKDFLISFKDGAFAGVLGSATTTLFNIFATTQKAGIKIIREIWGHLVKAIKLIIFNPDQLSFVDLCKAVVSVLSVAVSTVVGSIVYVQMLPLCSFPFGSELAAFLGALVTGIVTLGMNYFLLYSSVAQKLWTFVESIMPHADTVKKFQAINAELDRYLIELSRLEFNLDADELERFSFELAACNDEIQRGMLLKEEVAKRGIELPYEMGNTESTRKWLASLTK*,else,['GO:0016021'],EQU24_RS16420||hypothetical protein
EQU24_RS16425,13,0.15140945957044452,1.4971585957334146,1.5882808708046765,1.5588191145651409,1.0327516030018582,0.8014816538472607,0.3940142775952606,2.1605216704111614,1.0173775011706,1.4915113293340767,1.8274264499360016,2.9943476085283094,1.8604174213109133,1.0173775011706,1.5024617716957327,2.606325886694264,2.2089702401024907,1.0025893345043158,2.582430413492607,4.1766378760158105,,YkgJ family cysteine cluster protein,3689955,3690252,298,MASLTNQVIPTFPCTQCGLCCQHVYLADETRFLDRGDGICRHYSADSRQCTIYDKRPDICRVDRQYVQHYASLYSWEEFVALNLQVCRQLETQSKNLK*,else,"['GO:0008168', 'GO:0032259']",EQU24_RS16425||YkgJ family cysteine cluster protein
EQU24_RS16430,13,0.09721413707354204,1.4885891697845763,0.777018532638796,0.9885049325962056,0.5710558813190652,0.21112629208101466,-0.12721610785948395,1.9729727441882037,1.3464520681127483,0.9645730017633436,1.476868772394782,2.8828946733440723,1.5843994289021923,1.3464520681127483,0.5145085889482026,2.5420664226015957,2.121590357357219,0.4172984214313496,1.7036781073487255,3.617988423860774,,hypothetical protein,3690516,3690936,421,MINNIDVRINFLELQTMFDNHNNNSAQDKFAHLKAIAAGEVSTEQPIPWQHEVNNPLIGTIKGFGEFHHDRYGPQKTVIVERENGEVVSAFMNTYISNGMERSNAQPGDLVLIQLIGKGKSQDGNQYNQFQLYVEKASN*,else,[],EQU24_RS16430||hypothetical protein
EQU24_RS19140,13,0.1271407007721011,-1.4199227539543235,1.0958916727426369,0.9981291901618088,0.7082387340748171,1.0400290348537025,2.3855343134640083,2.03890673766482,2.0095949653049194,4.15119029885406,3.833373724664441,-0.2724708808423666,3.176316021011368,2.0095949653049194,1.5902710458641731,2.16189197778905,2.1806805105907525,3.9348311532063263,2.7197858579165417,1.938177622745795,,carbonic anhydrase,4280475,4281051,577,MSNVLNEVLLANREYANSFDKGDLPMPPGRRFAILTCMDARLDPAKYAGLSEGDAHVIRNAGGRASDDAIRSLVISYKLLGTREWFVIHHTDCGMETFTNEIMGDLLSSSLKTASVDADGWHDSCEGPGCTDGKYINWLTIKDQAQSVTEDVMRIRNSPLVPSDIPIYGYIYDVKDGKLIEVPEATAAGRA*,else,"['GO:0004089', 'GO:0008270']",EQU24_RS19140||carbonic anhydrase
EQU24_RS19145,13,0.09151512529997766,0.5917900178220799,0.5375102819159908,0.5618928202899298,0.3791247175525491,0.5006304659586521,1.7485860890482054,1.6614928588552196,1.659989001534635,3.6321273507237017,3.410425119972726,-0.04155725966777066,2.6340492871239536,1.659989001534635,1.6633555778803035,1.5650178648130266,1.5873088225841043,3.8485668625307863,2.0052356848767765,1.2329188365685717,,SDR family NAD(P)-dependent oxidoreductase,4281053,4281788,736,MQQPCSAVVIGVGPEQGLGATLAKCFSSKGLHVFIAGRSEDKLLHVVKTIRQQGGSATLVVADATVEHDIAHLFETIALQGYPLEIAAYNVDSNIRSPLLETENETFARLWQQNCLGGFLFGKEAVSLMLERGKGTLFFTGATASLRAKPPFTAFASAKAGLRALAQGMAREFSPRGIHVVHTILDGVIDGERARKQFPEFVAQKGPEGLMQLDAIADTYWAMHQQHRSAWTHELDLRPFKESF*,else,[],EQU24_RS19145||SDR family NAD(P)-dependent oxidoreductase
EQU24_RS19970,13,0.18991721195145564,-0.382325944006232,0.14767505584786608,0.323966735865563,0.045759028671571,0.5280871350568265,2.11801121097688,2.567395982982289,1.0630226641752902,3.9578689607213553,3.5005707545464566,0.3578564892767075,1.0708549113530328,1.0630226641752902,0.540214525947864,2.685718906038174,2.8616740096380906,2.4172651500348343,3.871755437865688,1.6731029770122958,,transcription antitermination protein NusG,4489396,4490098,703,MDIFTTQPGLEMLFRWGHFLAGITWIGLLYYFNFVQGEYFKEAEASAKSDVVQKLVPRALWWFRWGAMLTFLTGLGIMGIRGSGWSVDIYIGAMLGTLMFLNVWLIIWPNQKIVIASTEKTAKGEAAIPEAADAAAQAGLASRTNVLFSVPMLFFMGASAHYPHYDSGTLGILLIFAAILGLQYNASRKALSRFGFAQKLPSAGFMGPLASVKGVIHCGLGLALVFVLILELI*,else,['GO:0016021'],EQU24_RS19970||transcription antitermination protein NusG
EQU24_RS20110,13,-0.018918045756126444,0.3772907043515548,0.9275288544302694,1.2060163512817643,0.6501987954669266,0.09945733705594884,1.585771405506154,1.7671637271922007,1.3275775776703225,2.0050316767392298,2.3036973614882386,2.763957575642785,1.480221963999388,1.3275775776703225,0.7011220807773972,2.592226447530519,2.508760954215829,1.320162714077033,2.7545446444484205,3.2807209259947543,,response regulator,4513564,4513954,391,MTIPKKILITDDDPINRKLVESLLKPNGYDIRSVESGQAALDAVDFDPPDLILLDLMMPGMDGFEVVRRLKADAATGRIPIVMLTALDDDGSRARLTSAGISVILTKPLDRWALQGCINQLLGGCHGIE*,else,"['GO:0000160', 'GO:0016787', 'GO:0052621']",EQU24_RS20110||response regulator
EQU24_RS20175,13,0.17266023070920247,1.1242741771069522,1.1791011760146235,1.3238932745411014,0.6556267705642626,-0.10274520667311388,1.4549243320428729,2.7259851619356628,1.3901211945011818,2.982863259807299,2.415921625935934,2.9372063775693937,2.3428432149237013,1.3901211945011818,1.2234239677714898,3.4018099804260693,3.263894620655994,2.3287231892520426,2.2759657765100663,3.6088838014739695,,hypothetical protein,4535852,4536443,592,MIIQHRFYKCTALIALLIFMAFIPAKAALISDFTGPYSPANWTTTTGSNGYIAFNDFSSVTLTSSDQGISGNQDQINVDLTIMAAASGFVSFYWSYKTLDIDKDPIWDPFGYLHNDVFFLLTDDQGDLIQTGQTRFFVNAGDIFGFRQKTKDDQFGAGVTTISQFSVQVPEPHISVLLSLGLACFLLTYSRRLKRS*,else,['GO:0016021'],EQU24_RS20175||hypothetical protein
EQU24_RS20990,13,0.21728891957168256,-0.7487213967862172,1.9858338753051576,1.6762902938380142,1.2374601005789183,1.9609017305756025,1.3739441209570773,1.925214527128405,0.5042733587832082,2.1507370794524117,2.5065934161625605,-0.13353484768443868,1.6515830270737342,0.5042733587832082,0.507509183048682,2.18971915056884,2.377430981632506,1.7255764602701806,3.4705698975492623,1.2744831550714515,,Rsd/AlgQ family anti-sigma factor,4725051,4725498,448,MSAVMQTFPERRRGTAALIDELRKERHEVWAMYCRIAELKPFSAGKKVQTRLSEFSQLLVDYVSLWHFGIYERLLSGNEKRQALLSVANELYPELSRTTDAAIVFNDKYEHAKNYLTPSSLEQDLSVLGEHLAIRMTLEDKLCNMLLN*,else,['GO:0006355'],EQU24_RS20990||Rsd/AlgQ family anti-sigma factor
