locus_tag,cluster_id,LanzaTech,MeOH,NO3_lowO2_slow_growth,NoCu,NoLanthanum,WT_control,WithLanthanum,aa3_KO,crotonic_acid,highCu,highO2_slow_growth,lowCH4,lowCu,lowO2_fast_growth,lowO2_low_iron_fast_growth,lowO2_slow_growth,medCu,slow_growth,uMax,unknown,gene,product,start_coord,end_coord,length,translation,group,go_terms,desc_string
EQU24_RS00625,3,-4.073107617908476,-4.04549707291707,-4.333912579918584,-4.4768208942586645,-3.7498491204784714,-4.02943429741529,-2.8317575211344828,-3.4330618430285176,-4.942519835819935,-6.203185074185388,-4.9278961966035135,-5.455188534148995,-4.576664759431538,-6.805237305571993,-5.343722502220613,-2.2710776863528057,-5.093724169614325,-3.8908719199245287,-8.100580328416449,-3.512802075046041,,,129668,131204,1537,,else,[],EQU24_RS00625||
EQU24_RS00630,3,-4.073107617908476,-4.04549707291707,-4.333912579918584,-4.4768208942586645,-3.8913206530083566,-4.02943429741529,-3.5106010787807738,-3.4330618430285176,-4.942519835819935,-6.203185074185388,-4.9278961966035135,-5.455188534148995,-4.576664759431538,-6.805237305571993,-5.343722502220613,-2.2710776863528057,-5.093724169614325,-3.8908719199245287,-8.100580328416449,-3.512802075046041,,,131271,131348,78,,else,[],EQU24_RS00630||
EQU24_RS00635,3,-4.073107617908476,-4.04549707291707,-4.333912579918584,-4.4768208942586645,-3.8913206530083566,-4.02943429741529,-3.5106010787807738,-3.4330618430285176,-4.942519835819935,-6.203185074185388,-4.9278961966035135,-5.455188534148995,-4.576664759431538,-6.805237305571993,-5.343722502220613,-2.2710776863528057,-5.093724169614325,-3.8908719199245287,-8.100580328416449,-3.512802075046041,,,131419,131495,77,,else,[],EQU24_RS00635||
EQU24_RS00640,3,-4.073107617908476,-4.04549707291707,-4.333912579918584,-4.4768208942586645,-3.0706565199641385,-4.02943429741529,-2.800556269407973,-3.4330618430285176,-4.942519835819935,-6.203185074185388,-4.9278961966035135,-5.455188534148995,-4.576664759431538,-6.805237305571993,-5.343722502220613,-2.2710776863528057,-5.093724169614325,-3.8908719199245287,-8.100580328416449,-3.512802075046041,,,131804,134725,2922,,else,[],EQU24_RS00640||
EQU24_RS00645,3,-4.073107617908476,-4.04549707291707,-4.333912579918584,-4.4768208942586645,-3.8913206530083566,-4.02943429741529,-2.9719907009677784,-3.4330618430285176,-4.942519835819935,-6.203185074185388,-4.9278961966035135,-5.455188534148995,-4.576664759431538,-6.805237305571993,-5.343722502220613,-2.2710776863528057,-5.093724169614325,-3.8908719199245287,-8.100580328416449,-3.512802075046041,,,134999,135115,117,,else,[],EQU24_RS00645||
EQU24_RS01445,3,-4.073107617908476,-4.04549707291707,-4.333912579918584,-4.4768208942586645,-3.8913206530083566,-4.02943429741529,-3.068908073998413,-3.4330618430285176,-4.942519835819935,-6.203185074185388,-4.9278961966035135,-5.455188534148995,-4.576664759431538,-6.805237305571993,-5.343722502220613,-2.2710776863528057,-5.093724169614325,-3.8908719199245287,-8.100580328416449,-3.512802075046041,,ISAs1 family transposase,300511,301249,739,LPVEGSDELKQTNEIGMFIPVMDALANIADKTITGDALLTQRKLAHYLVEDRQAHYVFTAKDNQPTVAQDIRLAFENRQAPDYSEPYTLTHGRIESRSIWTSTLLNNYLDFPFVGQIFAIQRHTIDKKSGQETFEMAYGLTSHSPMSANAEQVLKFNRDHWGVESHHYLLDWNWNEDRCRISKGHGPENITCLRRFAAGLIKSMSKDSVAATTEKLARNVRRVFDYLRMTENSRKVILRYQSQEV*,else,"['GO:0003677', 'GO:0004803', 'GO:0006313']",EQU24_RS01445||ISAs1 family transposase
EQU24_RS02735,3,-4.073107617908476,-4.04549707291707,-4.333912579918584,-4.4768208942586645,-3.8913206530083566,-4.02943429741529,-3.5106010787807738,-3.4330618430285176,-4.942519835819935,-6.203185074185388,-4.9278961966035135,-5.455188534148995,-4.576664759431538,-6.805237305571993,-5.343722502220613,-2.2710776863528057,-5.093724169614325,-3.8908719199245287,-8.100580328416449,-3.512802075046041,,,588539,590075,1537,,else,[],EQU24_RS02735||
EQU24_RS02740,3,-4.073107617908476,-4.04549707291707,-4.333912579918584,-4.4768208942586645,-3.8913206530083566,-4.02943429741529,-3.5106010787807738,-3.4330618430285176,-4.942519835819935,-6.203185074185388,-4.9278961966035135,-5.455188534148995,-4.576664759431538,-6.805237305571993,-5.343722502220613,-2.2710776863528057,-5.093724169614325,-3.8908719199245287,-8.100580328416449,-3.512802075046041,,,590142,590219,78,,else,[],EQU24_RS02740||
EQU24_RS02745,3,-4.073107617908476,-4.04549707291707,-4.333912579918584,-4.4768208942586645,-3.8913206530083566,-4.02943429741529,-3.5106010787807738,-3.4330618430285176,-4.942519835819935,-6.203185074185388,-4.9278961966035135,-5.455188534148995,-4.576664759431538,-6.805237305571993,-5.343722502220613,-2.2710776863528057,-5.093724169614325,-3.8908719199245287,-8.100580328416449,-3.512802075046041,,,590290,590366,77,,else,[],EQU24_RS02745||
EQU24_RS02750,3,-4.073107617908476,-4.04549707291707,-4.333912579918584,-4.4768208942586645,-3.8913206530083566,-4.02943429741529,-3.5106010787807738,-3.4330618430285176,-4.942519835819935,-6.203185074185388,-4.9278961966035135,-5.455188534148995,-4.576664759431538,-6.805237305571993,-5.343722502220613,-2.2710776863528057,-5.093724169614325,-3.8908719199245287,-8.100580328416449,-3.512802075046041,,,590675,593596,2922,,else,[],EQU24_RS02750||
EQU24_RS02755,3,-4.073107617908476,-4.04549707291707,-4.333912579918584,-4.4768208942586645,-3.8913206530083566,-4.02943429741529,-3.5106010787807738,-3.4330618430285176,-4.942519835819935,-6.203185074185388,-4.9278961966035135,-5.455188534148995,-4.576664759431538,-6.805237305571993,-5.343722502220613,-2.2710776863528057,-5.093724169614325,-3.8908719199245287,-8.100580328416449,-3.512802075046041,,,593870,593986,117,,else,[],EQU24_RS02755||
EQU24_RS03465,3,-4.073107617908476,-4.04549707291707,-4.333912579918584,-4.4768208942586645,-2.21865630051141,-4.02943429741529,-2.282981308401601,-3.4330618430285176,-4.942519835819935,-6.203185074185388,-4.9278961966035135,-5.455188534148995,-4.576664759431538,-6.805237305571993,-5.343722502220613,-2.2710776863528057,-5.093724169614325,-3.8908719199245287,-8.100580328416449,-3.512802075046041,,ISAs1 family transposase,736966,738091,1126,MLPTDCSLIKHFSNVTDPRIERKKLHQLMDIIVLTVCASLSGAEGWEAIEEFGHNKLDWLRQFVPLKNGIPSHDCLAYVISRLSPKEFQRCFIDWVNAIREVIPDEVIAIDGKTARRSHDRKRGQNPLHMVSAWGCANGLVLGQEATEEKSNEITAIPKLLALLELKGCIVTIDAMGCQRTIAEQIVDQGGDYCLGLKGNQGELHEAVEDFFNTAKQANFNHVEYAYHEEIDNDHGRLETRRYWITEELCTLPKTELWKELRSIGFVERECHIGDKVTIEQRCFINSIKADAQLFARAVRHHWGIENQLHWRLDVVFREDDNRIRKGNAAAIMTTIRHICVNLFQQEESKLSMKKKRLKAAWNDRYRAKLLLGK*,else,"['GO:0003677', 'GO:0004803', 'GO:0006313']",EQU24_RS03465||ISAs1 family transposase
EQU24_RS03550,3,-4.073107617908476,-4.04549707291707,-4.333912579918584,-4.4768208942586645,-2.8205403206493376,-4.02943429741529,-2.7101386635813527,-3.4330618430285176,-4.942519835819935,-6.203185074185388,-4.9278961966035135,-5.455188534148995,-4.576664759431538,-6.805237305571993,-5.343722502220613,-2.2710776863528057,-5.093724169614325,-3.8908719199245287,-8.100580328416449,-3.512802075046041,ltrA,group II intron reverse transcriptase/maturase,760444,761623,1180,MLVKPLKIKHHSLTGRITIERVRKAFLNVKRNRGAAGVDKQSIVMFEANLEQNLQALLSDLKTRGTFSPHPLKRVRIDKGNGKFRPLGIPVVRDRIAQDVLRQLLEPLFEPLFHPNSCGFRPNRNCHQAIERVLDIWREGNRYVLDADISGFFDNIPHHVIMTGLSNVVADGNILGIIERFLRSGVMEDGVFKPTTIGTPQGGVISPLLANIALNYLDWHLHEHGLNFVRYADDFVVLCPSEEQAKEALVLVGAFLNTHLELKLCPEKSQVTTFSEGFAFLGFDISSRAVTMRPKSIEKFKDKIRELTCRSYNLDSYRIMRVNQVIRGTANYFATPFSHNRYLFTELDKWIRVRLRCMKFNRKWKTDNRRLRLKHFKNKGLLSLRAFYHEPA*,else,"['GO:0003964', 'GO:0006278']",EQU24_RS03550|ltrA|group II intron reverse transcriptase/maturase
EQU24_RS04130,3,-4.073107617908476,-4.04549707291707,-4.333912579918584,-4.4768208942586645,-2.1368696340013456,-4.02943429741529,-1.726390086197814,-3.4330618430285176,-4.942519835819935,-6.203185074185388,-4.9278961966035135,-5.455188534148995,-4.576664759431538,-6.805237305571993,-5.343722502220613,-2.2710776863528057,-5.093724169614325,-3.8908719199245287,-8.100580328416449,-3.512802075046041,ltrA,group II intron reverse transcriptase/maturase,867295,868546,1252,MSEAKPFVISKWQVMRAFELVKANAGAAGVDRQSLADFERNLKDNLYKLWNRLSSGSYFPPPVKAVAIPKKAGGERILGIPTVSDRIAQMVVKLEFEPQVEPHFLPDSYGYRPNKSALDAVGVTRERCWRYDWVLEFDIKGLFDNIPHDLLLKAVYKHTDTAWVRLYIERWLTVPMQMPNGELSSRGKGTPQGGVVSPVLSNLFLHYVFDKWLQKHYSDTPWCRYADDGLVHCRSEAEAKHMLEALKQRFQSCGLELHPVKTKIVYCKDGSRKGRYKHTSFDFLGYTFRRRLCRNRKRNSVFVNFTPAVSKAALKSMRGKVRKLRVRTRTELSLGQIAQWLNPIIRGWIGYYGCYTRSALYGMCRHVNMTLVRWVRRKFKPLRQHKIKAMLFLEKIADQHPNLFAHWRAGMIGAFA*,else,"['GO:0003723', 'GO:0003964', 'GO:0006278']",EQU24_RS04130|ltrA|group II intron reverse transcriptase/maturase
EQU24_RS04230,3,-4.073107617908476,-4.04549707291707,-4.333912579918584,-4.4768208942586645,-3.8913206530083566,-4.02943429741529,-3.0095938648431093,-3.4330618430285176,-4.942519835819935,-6.203185074185388,-4.9278961966035135,-5.455188534148995,-4.576664759431538,-6.805237305571993,-5.343722502220613,-2.2710776863528057,-5.093724169614325,-3.8908719199245287,-8.100580328416449,-3.512802075046041,,hypothetical protein,888240,888441,202,MLQMSKLLNSRDEWKNKATERAAELRELRKTQKRHLKKIAELKRNNCQLEQLVEAKKTLPSSISQP*,else,[],EQU24_RS04230||hypothetical protein
EQU24_RS05785,3,-4.073107617908476,-4.04549707291707,-4.333912579918584,-4.4768208942586645,-2.546888554250065,-4.02943429741529,-2.009325383316749,-3.4330618430285176,-4.942519835819935,-6.203185074185388,-4.9278961966035135,-5.455188534148995,-4.576664759431538,-6.805237305571993,-5.343722502220613,-2.2710776863528057,-5.093724169614325,-3.8908719199245287,-8.100580328416449,-3.512802075046041,,ISAs1 family transposase,1251377,1252502,1126,MLPTDCSLIKHFSNVTDPRIERKKLHQLMDIIVLTVCASLSGAEGWEAIEEFGHNKLDWLRQFVPLKNGIPSHDCLAYVISRLSPKEFQRCFIDWVNAIREVIPDEVIAIDGKTARRSHDRKRGQNPLHMVSAWGCANGLVLGQEATEEKSNEITAIPKLLALLELKGCIVTIDAMGCQRTIAEQIVDQGGDYCLGLKGNQGELHEAVEDFFNTAKQANFNHVEYAYHEEIDNDHGRLETRRYWITEELCTLPKTELWKELRSIGFVERECHIGDKVTIEQRCFINSIKADAQLFARAVRHHWGIENQLHWRLDVVFREDDNRIRKGNAAAIMTTIRHICVNLFQQEESKLSMKKKRLKAAWNDRYRAKLLLGK*,else,"['GO:0003677', 'GO:0004803', 'GO:0006313']",EQU24_RS05785||ISAs1 family transposase
EQU24_RS06860,3,-4.073107617908476,-4.04549707291707,-4.333912579918584,-4.4768208942586645,-1.0921165139750386,-4.02943429741529,-1.292120260967665,-3.4330618430285176,-4.942519835819935,-6.203185074185388,-4.9278961966035135,-5.455188534148995,-4.576664759431538,-6.805237305571993,-5.343722502220613,-2.2710776863528057,-5.093724169614325,-3.8908719199245287,-8.100580328416449,-3.512802075046041,,IS110 family transposase,1509221,1510547,1327,MAMRVSKVLNIQYPNAAGIDIGSRSHFVAVPADRATESVREFGCYTEDLNALALWLLDCGITIAALESTGVYWIPVFEVLEAHGIQVMLVNARSVKNVSGRKSDVLDCQWLQQLMSFGLLSSAFRPPADVCALRAVSRQRDTLLQDQARCVQRMQKALTQMNLQLTNVITDITGQTGLNIIRAIVAGERNPIELAKHRNYRIKASEVEIAKSLEGTWKAEHLFCLSQALSLYDTYRALIAEADAKLETLIAPLRRQDVQTAKGKTKRGGKNAPGFDVQEALREWAGVDLTQIGGIDVCTALKVLVELGTDLSKFKTAKHFCSWLGLCPGTRISGGKRLSGASKRIPNRVARALKLAAQGLHRSQCGLGAYYRKTAARLGKGKAITATAHKLARLIYAMLTKGTEYVQQSQAEYEAKFHDRTLKYLQLKAKTLGFDLVPQAV*,else,"['GO:0003677', 'GO:0004803', 'GO:0006313']",EQU24_RS06860||IS110 family transposase
EQU24_RS07485,3,-4.073107617908476,-4.04549707291707,-4.333912579918584,-4.4768208942586645,-0.6387739550239664,-4.02943429741529,-0.7454994746214908,-3.4330618430285176,-4.942519835819935,-6.203185074185388,-4.9278961966035135,-5.455188534148995,-4.576664759431538,-6.805237305571993,-5.343722502220613,-2.2710776863528057,-5.093724169614325,-3.8908719199245287,-8.100580328416449,-3.512802075046041,,IS66 family transposase,1650361,1651912,1552,MDTDYLDDLPEGELRPLSKQLLADLKEARERLKQSPDTSSRPPSSREPWQSNQSSAEPSEEAPATDDLSALDSSESSSDDLPSQDSATPPAATGDSGKPKKAGRQVGSPGYSRNLTLPVTRTIEHRPDCCAACRQSFADNTDYRPWNARFELELEIGNAESPKLQIEHSRHDYFSATCPCGHQTRAEPGRGADEDGWSVALSEWHLCGPRLVSFLVYLSLSLRASRSRIQAYLRDWLGIYLSTSTINQCIHEAGRAVAPVVDEQLIAELKAAGLLHIDETPWKEAGQLFWLWVFVSAQTVIYQVGKRHRLVVNQLLGEAFCGLLMTDGYSVYRIFPRRLRCWAHLVRKARALYQCLDSEGQAFGEALLLAMILLMRNIHRLRESPPDAESLWAQNQQLLTLLRSLCETHRDIAHVDSRQLAGEFLNDWEAIVRVVETPAHPLTNNVAERSLRHWVLLRKITFGSRTAQGSRVVALLASVIDTARLRDLNPWEFIAQTLAERRKNQPVPRLPMPVLA*,else,[],EQU24_RS07485||IS66 family transposase
EQU24_RS08045,3,-4.073107617908476,-4.04549707291707,-4.333912579918584,-4.4768208942586645,-2.4905439406311505,-4.02943429741529,-1.8860230762472532,-3.4330618430285176,-4.942519835819935,-6.203185074185388,-4.9278961966035135,-5.455188534148995,-4.576664759431538,-6.805237305571993,-5.343722502220613,-2.2710776863528057,-5.093724169614325,-3.8908719199245287,-8.100580328416449,-3.512802075046041,,IS3 family transposase,1775833,1777032,1200,MSEKKRTLMTSTQKAKVALEAVKGSKTVNEIAQDYSVHPTQVGLWKKALLENASQLFDVKRGPKAIDPQSDPERLYAKIGQLNMELEWLKKKFRDQPLSLRQGWINSSAGLSVAAQCRLAGIARSTVYTDKHEVDEVELMLLRLLDEEYTRHPFYGSRKMTVWLRMQGHAVNRKRVQRLMRILGLIAMVPGPNTSKKHPEHTVYPYLLRGLSVIRPNQVWSTDITYIRLAHGFVYLVAIMDWYSHKILAWRVSNTMDVGFCVDCLTAALKQYGAPEIFNTDQGSQFTSDKWVAVLQENSIKISMDGRGRALDNIFVERLWRSVKYEDIYPKNYVYMPELLLGLTEYFAFYNGERYHQALGYKTPDQIYQTAEGGGAMIVDKFNERTDKETTGGLHVDKA*,else,"['GO:0015074', 'GO:0032196', 'GO:0043565']",EQU24_RS08045||IS3 family transposase
EQU24_RS08835,3,-4.073107617908476,-4.04549707291707,-4.333912579918584,-4.4768208942586645,-3.0717432418485844,-4.02943429741529,-2.296423823463124,-3.4330618430285176,-4.942519835819935,-6.203185074185388,-4.9278961966035135,-5.455188534148995,-4.576664759431538,-6.805237305571993,-5.343722502220613,-2.2710776863528057,-5.093724169614325,-3.8908719199245287,-8.100580328416449,-3.512802075046041,,ISAzo13 family transposase,1959180,1960359,1180,MQEVFDRLSEKDKRLYAGVEALKFPYGGISYIAQLFSCSRNTIRRGINELKEKAIIPKKRDRKAGGGRKQTIKKHTDINDAFLSILKEHTAGDPMDETKKWTNLTCAKMACLLAEKGFKVSRNIVRKLLKKNDYVKRKALKKKAAGGHVNRNAQFENISQLRALYTAAGNPVISVDTKKKELIGNLFRDGKIYTTQTVEVYDHDFPSLAEGVAVPHTLYDTERNEAYVNIGTSRDTSEFSCDSIRHWWYTYGNLYYPLATSILLLMDGGGSNSSRHYIFKQDLQALVAEIGIEIRIAHYPPYTSKWNPIEHRVFPHITRELSGMILISHVFMKELIEKTTTKAGLKVFACIFNKVYETGRKVVEGFKESMRIVFDKHLRQWNYVAIPEAVNL*,else,['GO:0003677'],EQU24_RS08835||ISAzo13 family transposase
EQU24_RS08845,3,-4.073107617908476,-4.04549707291707,-4.333912579918584,-4.4768208942586645,-3.0435671357551466,-4.02943429741529,-2.60592522589908,-3.4330618430285176,-4.942519835819935,-6.203185074185388,-4.9278961966035135,-5.455188534148995,-4.576664759431538,-6.805237305571993,-5.343722502220613,-2.2710776863528057,-5.093724169614325,-3.8908719199245287,-8.100580328416449,-3.512802075046041,,type II toxin-antitoxin system HicB family antitoxin,1961613,1962006,394,MRFSVVLHTDDGVRYGVTVPDLPGCFSAGDTLDDALASVAEAIDCHIETLIEDGADIPDCKPIAEHLSNPDYSGGVWAFVDVPVEKYFGPAEKINITLPRLLLARIDRYAKAHGATRSGFLAEAARAAMR*,else,['GO:0006355'],EQU24_RS08845||type II toxin-antitoxin system HicB family antitoxin
EQU24_RS08860,3,-4.073107617908476,-4.04549707291707,-4.333912579918584,-4.4768208942586645,-3.8913206530083566,-4.02943429741529,-3.5106010787807738,-3.4330618430285176,-4.942519835819935,-6.203185074185388,-4.9278961966035135,-5.455188534148995,-4.576664759431538,-6.805237305571993,-5.343722502220613,-2.2710776863528057,-5.093724169614325,-3.8908719199245287,-8.100580328416449,-3.512802075046041,ltrA,group II intron reverse transcriptase/maturase,1963788,1964967,1180,MLVKPLKIKHHSLTGRITIERVRKAFLNVKRNRGAAGVDKQSIVMFEANLEQNLQALLSDLKTRGTFSPHPLKRVRIDKGNGKFRPLGIPVVRDRIAQDVLRQLLEPLFEPLFHPNSCGFRPNRNCHQAIERVLDIWREGNRYVLDADISGFFDNIPHHVIMTGLSNVVADGNILGIIERFLRSGVMEDGVFKPTTIGTPQGGVISPLLANIALNYLDWHLHEHGLNFVRYADDFVVLCPSEEQAKEALVLVGAFLNTHLELKLCPEKSQVTTFSEGFAFLGFDISSRAVTMRPKSIEKFKDKIRELTCRSYNLDSYRIMRVNQVIRGTANYFATPFSHNRYLFTELDKWIRVRLRCMKFNRKWKTDNRRLRLKHFKNKGLLSLRAFYHEPA*,else,"['GO:0003964', 'GO:0006278']",EQU24_RS08860|ltrA|group II intron reverse transcriptase/maturase
EQU24_RS09300,3,-4.073107617908476,-4.04549707291707,-4.333912579918584,-4.4768208942586645,-2.0884739539768638,-4.02943429741529,-1.5547983766563598,-3.4330618430285176,-4.942519835819935,-6.203185074185388,-4.9278961966035135,-5.455188534148995,-4.576664759431538,-6.805237305571993,-5.343722502220613,-2.2710776863528057,-5.093724169614325,-3.8908719199245287,-8.100580328416449,-3.512802075046041,ltrA,group II intron reverse transcriptase/maturase,2056366,2057545,1180,MLVKPLKIKHHSLTGRITIERVRKAFLNVKRNRGAAGVDKQSIVMFEANLEQNLQALLSDLKTRGTFSPHPLKRVRIDKGNGKFRPLGIPVVRDRIAQDVLRQLLEPLFEPLFHPNSCGFRPNRNCHQAIERVLDIWREGNRYVLDADISGFFDNIPHHVIMTGLSNVVADGNILGIIERFLRSGVMEDGVFKPTTIGTPQGGVISPLLANIALNYLDWHLHEHGLNFVRYADDFVVLCPSEEQAKEALVLVGAFLNTHLELKLCPEKSQVTTFSEGFAFLGFDISSRAVTMRPKSIEKFKDKIRELTCRSYNLDSYRIMRVNQVIRGTANYFATPFSHNRYLFTELDKWIRVRLRCMKFNRKWKTDNRRLRLKHFKNKGLLSLRAFYHEPA*,else,"['GO:0003964', 'GO:0006278']",EQU24_RS09300|ltrA|group II intron reverse transcriptase/maturase
EQU24_RS09560,3,-4.073107617908476,-4.04549707291707,-4.333912579918584,-4.4768208942586645,-3.420542580858694,-4.02943429741529,-3.5106010787807738,-3.4330618430285176,-4.942519835819935,-6.203185074185388,-4.9278961966035135,-5.455188534148995,-4.576664759431538,-6.805237305571993,-5.343722502220613,-2.2710776863528057,-5.093724169614325,-3.8908719199245287,-8.100580328416449,-3.512802075046041,,hypothetical protein,2125956,2126157,202,MLQMSKLLNSRDEWKNKATERAAELRELRKTQKRHLKKIAELKRNNCQLEQLVEAKKTLPSSISQP*,else,[],EQU24_RS09560||hypothetical protein
EQU24_RS11380,3,-4.073107617908476,-4.04549707291707,-4.333912579918584,-4.4768208942586645,-1.791008361913076,-4.02943429741529,-1.638935602534463,-3.4330618430285176,-4.942519835819935,-6.203185074185388,-4.9278961966035135,-5.455188534148995,-4.576664759431538,-6.805237305571993,-5.343722502220613,-2.2710776863528057,-5.093724169614325,-3.8908719199245287,-8.100580328416449,-3.512802075046041,,IS66 family transposase,2544803,2546354,1552,MDTDYLDDLPEGELRPLSKQLLADLKEARERLKQSPDTSSRPPSSREPWQSNQSSAEPSEEAPATDDLSALDSSESSSDDLPSQDSATPPAATGDSGKPKKAGRQVGSPGYSRNLTLPVTRTIEHRPDCCAACRQSFADNTDYRPWNARFELELEIGNAESPKLQIEHSRHDYFSATCPCGHQTRAEPGRGADEDGWSVALSEWHLCGPRLVSFLVYLSLSLRASRSRIQAYLRDWLGIYLSTSTINQCIHEAGRAVAPVVDEQLIAELKAAGLLHIDETPWKEAGQLFWLWVFVSAQTVIYQVGKRHRLVVNQLLGEAFCGLLMTDGYSVYRIFPRRLRCWAHLVRKARALYQCLDSEGQAFGEALLLAMILLMRNIHRLRESPPDAESLWAQNQQLLTLLRSLCETHRDIAHVDSRQLAGEFLNDWEAIVRVVETPAHPLTNNVAERSLRHWVLLRKITFGSRTAQGSRVVALLASVIDTARLRDLNPWEFIAQTLAERRKNQPVPRLPMPVLA*,else,[],EQU24_RS11380||IS66 family transposase
EQU24_RS12090,3,-4.073107617908476,-4.04549707291707,-4.333912579918584,-4.4768208942586645,-2.9697092378716548,-4.02943429741529,-2.0204090877986802,-3.4330618430285176,-4.942519835819935,-6.203185074185388,-4.9278961966035135,-5.455188534148995,-4.576664759431538,-6.805237305571993,-5.343722502220613,-2.2710776863528057,-5.093724169614325,-3.8908719199245287,-8.100580328416449,-3.512802075046041,,hypothetical protein,2705890,2706091,202,MLQMSKLLNSRDEWKNKATERAAELRELRKTQKRHLKKIAELKRNNCQLEQLVEAKKTLPSSISQP*,else,[],EQU24_RS12090||hypothetical protein
EQU24_RS12810,3,-4.073107617908476,-4.04549707291707,-4.333912579918584,-4.4768208942586645,-3.8913206530083566,-4.02943429741529,-3.5106010787807738,-3.4330618430285176,-4.942519835819935,-6.203185074185388,-4.9278961966035135,-5.455188534148995,-4.576664759431538,-6.805237305571993,-5.343722502220613,-2.2710776863528057,-5.093724169614325,-3.8908719199245287,-8.100580328416449,-3.512802075046041,ltrA,group II intron reverse transcriptase/maturase,2874353,2875532,1180,MLVKPLKIKHHSLTGRITIERVRKAFLNVKRNRGAAGVDKQSIVMFEANLEQNLQALLSDLKTRGTFSPHPLKRVRIDKGNGKFRPLGIPVVRDRIAQDVLRQLLEPLFEPLFHPNSCGFRPNRNCHQAIERVLDIWREGNRYVLDADISGFFDNIPHHVIMTGLSNVVADGNILGIIERFLRSGVMEDGVFKPTTIGTPQGGVISPLLANIALNYLDWHLHEHGLNFVRYADDFVVLCPSEEQAKEALVLVGAFLNTHLELKLCPEKSQVTTFSEGFAFLGFDISSRAVTMRPKSIEKFKDKIRELTCRSYNLDSYRIMRVNQVIRGTANYFATPFSHNRYLFTELDKWIRVRLRCMKFNRKWKTDNRRLRLKHFKNKGLLSLRAFYHEPA*,else,"['GO:0003964', 'GO:0006278']",EQU24_RS12810|ltrA|group II intron reverse transcriptase/maturase
EQU24_RS12820,3,-4.073107617908476,-4.04549707291707,-4.333912579918584,-4.4768208942586645,1.1143565787733682,-4.02943429741529,0.44713160603857205,-3.4330618430285176,-4.942519835819935,-6.203185074185388,-4.9278961966035135,-5.455188534148995,-4.576664759431538,-6.805237305571993,-5.343722502220613,-2.2710776863528057,-5.093724169614325,-3.8908719199245287,-8.100580328416449,-3.512802075046041,,type II toxin-antitoxin system HicA family toxin,2877455,2877638,184,MDSKQLIKQLEADGWILARIKGSHHQFKHPDKPGLVTVKHPDSDIPAGTLNSIRKQAGWK*,else,['GO:0003729'],EQU24_RS12820||type II toxin-antitoxin system HicA family toxin
EQU24_RS12825,3,-4.073107617908476,-4.04549707291707,-4.333912579918584,-4.4768208942586645,-3.2966134213633924,-4.02943429741529,-3.0200258193769502,-3.4330618430285176,-4.942519835819935,-6.203185074185388,-4.9278961966035135,-5.455188534148995,-4.576664759431538,-6.805237305571993,-5.343722502220613,-2.2710776863528057,-5.093724169614325,-3.8908719199245287,-8.100580328416449,-3.512802075046041,,type II toxin-antitoxin system HicB family antitoxin,2877647,2878040,394,MRFSVVLHTDDGVRYGVTVPDLPGCFSAGDTLDDALASVAEAIDCHIETLIEDGADIPDCKPIAEHLSNPDYSGGVWAFVDVPVEKYFGPAEKINITLPRLLLARIDRYAKAHGATRSGFLAEAARAAMR*,else,['GO:0006355'],EQU24_RS12825||type II toxin-antitoxin system HicB family antitoxin
EQU24_RS16040,3,-4.093290690952603,-4.0693699975385424,-3.4848917959923265,-4.496539855200606,-0.7830982931728251,-2.974175013521684,-0.988096039957112,-2.87297376681136,-3.3455989111149758,-6.2311757741130815,-4.219027529836529,-5.4828386144647405,-4.597192715176947,-6.299534164792447,-5.369371679098358,-2.2859914637406384,-5.117105694099767,-3.9093979505575787,-7.494884459774287,-3.531012991130416,,ISNCY family transposase,3603377,3604664,1288,LIERIRQVFETLPDGRSGTGVYQKYSMVDAALSAFSVFFMQSPSFLDHQRTMQKERGKNNAQSLFGVYQIPSDNQIRNLLDAVSPDALWPLYRWVLQALEAQGKLKEFQVLGDSVLVALDRVEYFSSQKIHCACCSTKTLKNGAIHYAHSAVTPVIVSPHQADVIPLAPEFIAPQDGSDKQDYELAAARRWLEREGGHLPANVTFLGDDLYCKQPFCEYLKQQGRHFILVCKPESHKTLYEWVEDFQRLGQVEVIEKRRWTGKQRLTERYRIAQQVPLRDSDDALLVNWCEIEVIDEQGHIVYRNAFATDYALGAHNVADIVSAGRTRWKIENENNNTLKTKGYNFAHNFGHGKKHLAALLASLIILAFLVHTLLQWFDQCYRLLREELSSRKTFFNDLRALTRYFCFDSWQHLMEFMLDGLNIPIPH*,else,"['GO:0003677', 'GO:0004803', 'GO:0006313', 'GO:0016021']",EQU24_RS16040||ISNCY family transposase
EQU24_RS16985,3,-4.073107617908476,-4.04549707291707,-4.333912579918584,-4.4768208942586645,-0.713290961440657,-4.02943429741529,-0.7615485174338203,-3.4330618430285176,-4.942519835819935,-6.203185074185388,-4.9278961966035135,-5.455188534148995,-4.576664759431538,-6.805237305571993,-5.343722502220613,-2.2710776863528057,-5.093724169614325,-3.8908719199245287,-8.100580328416449,-3.512802075046041,,IS110 family transposase,3813547,3814873,1327,MAMRVSKVLNIQYPNAAGIDIGSRSHFVAVPADRATESVREFGCYTEDLNALALWLLDCGITIAALESTGVYWIPVFEVLEAHGIQVMLVNARSVKNVSGRKSDVLDCQWLQQLMSFGLLSSAFRPPADVCALRAVSRQRDTLLQDQARCVQRMQKALTQMNLQLTNVITDITGQTGLNIIRAIVAGERNPIELAKHRNYRIKASEVEIAKSLEGTWKAEHLFCLSQALSLYDTYRALIAEADAKLETLIAPLRRQDVQTAKGKTKRGGKNAPGFDVQEALREWAGVDLTQIGGIDVCTALKVLVELGTDLSKFKTAKHFCSWLGLCPGTRISGGKRLSGASKRIPNRVARALKLAAQGLHRSQCGLGAYYRKTAARLGKGKAITATAHKLARLIYAMLTKGTEYVQQSQAEYEAKFHDRTLKYLQLKAKTLGFDLVPQAV*,else,"['GO:0003677', 'GO:0004803', 'GO:0006313']",EQU24_RS16985||IS110 family transposase
EQU24_RS17885,3,-4.073107617908476,-4.04549707291707,-4.333912579918584,-4.4768208942586645,-0.2478437755920445,-4.02943429741529,-0.22415857222753952,-3.4330618430285176,-4.942519835819935,-6.203185074185388,-4.9278961966035135,-5.455188534148995,-4.576664759431538,-6.805237305571993,-5.343722502220613,-2.2710776863528057,-5.093724169614325,-3.8908719199245287,-8.100580328416449,-3.512802075046041,,IS110 family transposase,4000101,4001427,1327,MAMRVSKVLNIQYPNAAGIDIGSRSHFVAVPADRATESVREFGCYTEDLNALALWLLDCGITIAALESTGVYWIPVFEVLEAHGIQVMLVNARSVKNVSGRKSDVLDCQWLQQLMSFGLLSSAFRPPADVCALRAVSRQRDTLLQDQARCVQRMQKALTQMNLQLTNVITDITGQTGLNIIRAIVAGERNPIELAKHRNYRIKASEVEIAKSLEGTWKAEHLFCLSQALSLYDTYRALIAEADAKLETLIAPLRRQDVQTAKGKTKRGGKNAPGFDVQEALREWAGVDLTQIGGIDVCTALKVLVELGTDLSKFKTAKHFCSWLGLCPGTRISGGKRLSGASKRIPNRVARALKLAAQGLHRSQCGLGAYYRKTAARLGKGKAITATAHKLARLIYAMLTKGTEYVQQSQAEYEAKFHDRTLKYLQLKAKTLGFDLVPQAV*,else,"['GO:0003677', 'GO:0004803', 'GO:0006313']",EQU24_RS17885||IS110 family transposase
EQU24_RS18835,3,-4.073107617908476,-4.04549707291707,-4.333912579918584,-4.4768208942586645,-3.8913206530083566,-4.02943429741529,-3.5106010787807738,-3.4330618430285176,-4.942519835819935,-6.203185074185388,-4.9278961966035135,-5.455188534148995,-4.576664759431538,-6.805237305571993,-5.343722502220613,-2.2710776863528057,-5.093724169614325,-3.8908719199245287,-8.100580328416449,-3.512802075046041,,,4207908,4208024,117,,else,[],EQU24_RS18835||
EQU24_RS18840,3,-4.073107617908476,-4.04549707291707,-4.333912579918584,-4.4768208942586645,-3.1267726101667215,-4.02943429741529,-2.4816340112418893,-3.4330618430285176,-4.942519835819935,-6.203185074185388,-4.9278961966035135,-5.455188534148995,-4.576664759431538,-6.805237305571993,-5.343722502220613,-2.2710776863528057,-5.093724169614325,-3.8908719199245287,-8.100580328416449,-3.512802075046041,,,4208298,4211219,2922,,else,[],EQU24_RS18840||
EQU24_RS18845,3,-4.073107617908476,-4.04549707291707,-4.333912579918584,-4.4768208942586645,-3.8913206530083566,-4.02943429741529,-3.5106010787807738,-3.4330618430285176,-4.942519835819935,-6.203185074185388,-4.9278961966035135,-5.455188534148995,-4.576664759431538,-6.805237305571993,-5.343722502220613,-2.2710776863528057,-5.093724169614325,-3.8908719199245287,-8.100580328416449,-3.512802075046041,,,4211528,4211604,77,,else,[],EQU24_RS18845||
EQU24_RS18850,3,-4.073107617908476,-4.04549707291707,-4.333912579918584,-4.4768208942586645,-3.8913206530083566,-4.02943429741529,-3.5106010787807738,-3.4330618430285176,-4.942519835819935,-6.203185074185388,-4.9278961966035135,-5.455188534148995,-4.576664759431538,-6.805237305571993,-5.343722502220613,-2.2710776863528057,-5.093724169614325,-3.8908719199245287,-8.100580328416449,-3.512802075046041,,,4211675,4211752,78,,else,[],EQU24_RS18850||
EQU24_RS18855,3,-4.073107617908476,-4.04549707291707,-4.333912579918584,-4.4768208942586645,-2.4100701122837873,-4.02943429741529,-2.677048244680975,-3.4330618430285176,-4.942519835819935,-6.203185074185388,-4.9278961966035135,-5.455188534148995,-4.576664759431538,-6.805237305571993,-5.343722502220613,-2.2710776863528057,-5.093724169614325,-3.8908719199245287,-8.100580328416449,-3.512802075046041,,,4211819,4213355,1537,,else,[],EQU24_RS18855||
EQU24_RS19045,3,-4.073107617908476,-4.04549707291707,-4.333912579918584,-4.4768208942586645,-0.10320892941403577,-4.02943429741529,0.13538373330809295,-3.4330618430285176,-4.942519835819935,-6.203185074185388,-4.9278961966035135,-5.455188534148995,-4.576664759431538,-6.805237305571993,-5.343722502220613,-2.2710776863528057,-5.093724169614325,-3.8908719199245287,-8.100580328416449,-3.512802075046041,,IS3 family transposase,4262040,4263239,1200,MSEKKRTLMTSTQKAKVALEAVKGSKTVNEIAQDYSVHPTQVGLWKKALLENASQLFDVKRGPKAIDPQSDPERLYAKIGQLNMELEWLKKKFRDQPLSLRQGWINSSAGLSVAAQCRLAGIARSTVYTDKHEVDEVELMLLRLLDEEYTRHPFYGSRKMTVWLRMQGHAVNRKRVQRLMRILGLIAMVPGPNTSKKHPEHTVYPYLLRGLSVIRPNQVWSTDITYIRLAHGFVYLVAIMDWYSHKILAWRVSNTMDVGFCVDCLTAALKQYGAPEIFNTDQGSQFTSDKWVAVLQENSIKISMDGRGRALDNIFVERLWRSVKYEDIYPKNYVYMPELLLGLTEYFAFYNGERYHQALGYKTPDQIYQTAEGGGAMIVDKFNERTDKETTGGLHVDKA*,else,"['GO:0015074', 'GO:0032196', 'GO:0043565']",EQU24_RS19045||IS3 family transposase
EQU24_RS20615,3,-4.073107617908476,-4.04549707291707,-4.333912579918584,-4.4768208942586645,-2.644849116426259,-4.02943429741529,-2.5286015766241348,-3.4330618430285176,-4.942519835819935,-6.203185074185388,-4.9278961966035135,-5.455188534148995,-4.576664759431538,-6.805237305571993,-5.343722502220613,-2.2710776863528057,-5.093724169614325,-3.8908719199245287,-8.100580328416449,-3.512802075046041,,DUF4338 domain-containing protein,4647272,4648358,1087,MFGIPALNLQEIIVQPVQSEEQERFQSLMKAHHYLGALPKIGHTLWYVASYHNQWLALISFSAAAWKCAARDQWIGWSYRVQYDRLHLIANNSRFLILPEHHYPNLASRVLSLCERRISQDWQQRFGYPLLLLETFVDPQLFHGTIYRASNWVHVGDTRGYRRIRQGYSPSAQQPKQVFVRPLEKRAQTHLSQPMLSPCYGYGAPKIMLTADQMRTLPEFFLDIPDPRRKQGQRHSLPCILALATAAVLCGMEGYKAIGSWADDLGQKARARFGCRKRNGRYQVPSRTTFRETLISVDPAQLDLALQGWNEQFAEADEGLAVDGKTLRNAIDEDGRQTHILGVVGHQTGRCHTQKKSVLCL*,else,[],EQU24_RS20615||DUF4338 domain-containing protein
EQU24_RS21585,3,-4.073107617908476,-4.04549707291707,-4.333912579918584,-4.4768208942586645,-3.8913206530083566,-4.02943429741529,-3.5106010787807738,-3.4330618430285176,-4.942519835819935,-6.203185074185388,-4.9278961966035135,-5.455188534148995,-4.576664759431538,-6.805237305571993,-5.343722502220613,-2.2710776863528057,-5.093724169614325,-3.8908719199245287,-8.100580328416449,-3.512802075046041,,hypothetical protein,4868236,4869595,1360,MKNNNWLNSLLGILPTFSSDDSVELSSDVVVSVRNSEGPTGVERYLNKITPEKTVSVTGVARYLEKYAVKPEADKPQEIVVEKLEPESLPEEIESGVSRYLTKMNERAKVEPAVTGVAKYQMRHEILDKPREIVTGVAKYLTKQGFEEKKVPVRTGVEKYVTKQDLLENAEVPATGVAKYLLRQQIEATHLPQTTKVSKYMTQQEQAARQIPAQTGVTKYLTKQIELAKKSAQLTGVEKFIDEQEKAEQKLAAEKIVARYIEEEARIAAEKKAAVATAIETAEESIESKLAAINEMDGTLVDKYVARRTILNSLQPPVTGVAKYTAKKLAREHGEPVKTGVARYLVKQYLASLNAPKVTKVEKYITKRELLALRAPATTGVDKYLAKSLLSRKETLKVSGVSKYLKKHTLTDNKVRNITGVARYMIKQIVAPTAAEPVIELTGVEKYLRNAG*,else,[],EQU24_RS21585||hypothetical protein
EQU24_RS21590,3,-4.073107617908476,-4.04549707291707,-4.333912579918584,-4.4768208942586645,-3.8913206530083566,-4.02943429741529,-3.5106010787807738,-3.4330618430285176,-4.942519835819935,-6.203185074185388,-4.9278961966035135,-5.455188534148995,-4.576664759431538,-6.805237305571993,-5.343722502220613,-2.2710776863528057,-5.093724169614325,-3.8908719199245287,-8.100580328416449,-3.512802075046041,tkt,transketolase,4869752,4871765,2014,MPSRRDLANAIRALSMDAVQKANSGHPGAPMGMADIAEVLWNDFLQHNPTNPSWANRDRFVLSNGHGSMLLYSLLHLTGYGLPIDELKQFRQLHSKTPGHPEYGYAPGVETTTGPLGQGITNAVGFAIAERALAGQFNRPGHEIVDHYTYAFLGDGCLMEGISHEACSLAGSMKLGKLIAVYDDNNISIDGEVRGHGDTPGWFLDDTPKRFEAYGWHVIPKVDGHNPEAVKKALEEARSVTDRPTLICCQTIIGWGSPNKEGKEECHGAALGEAEIEATRERIGWPHAPFEIPADIYAGWDAKHKGARQEAEWNDKFAKYQAAHPELAAEFERRMSGQLPSDWAEKSNAFIAAVDAKGETIASRKASQNTLNGFGPLLPELMGGSADLAGSNLTLWSGCKDVNAPGHDGNYVYYGVREFGMSAIMNGITLHGGFKPYGATFLMFSEYARNALRMAALMKIPTIFVYTHDSIGLGEDGPTHQPVEQTATLRMIPNMQVWRPCDAVESAVSWKAAIERNDGPSCLIFSRQNLAHIARTSAQIEAIGKGGYILKDSEGQPDVILIATGSEVELAVKAADELSGKGKKVRVVSMPSTNVFDAQDEAYRESVLPKAVTKRVVVEAGVTDSWWKYAGSNGCVIGLDRFGESAPAGALFKEFGFTVDNVVKHVEALL*,else,"['GO:0004802', 'GO:0046872']",EQU24_RS21590|tkt|transketolase
EQU24_RS21600,3,-4.073107617908476,-4.04549707291707,-4.333912579918584,-4.4768208942586645,-3.8913206530083566,-4.02943429741529,-3.5106010787807738,-3.4330618430285176,-4.942519835819935,-6.203185074185388,-4.9278961966035135,-5.455188534148995,-4.576664759431538,-6.805237305571993,-5.343722502220613,-2.2710776863528057,-5.093724169614325,-3.8908719199245287,-8.100580328416449,-3.512802075046041,,hypothetical protein,4873425,4874784,1360,MKNNNWLNSLLGILPTFSSDDSVELSSDVVVSVRNSEGPTGVERYLNKITPEKTVSVTGVARYLEKYAVKPEADKPQEIVVEKLEPESLPEEIESGVSRYLTKMNERAKVEPAVTGVAKYQMRHEILDKPREIVTGVAKYLTKQGFEEKKVPVRTGVEKYVTKQDLLENAEVPATGVAKYLLRQQIEATHLPQTTKVSKYMTQQEQAARQIPAQTGVTKYLTKQIELAKKSAQLTGVEKFIDEQEKAEQKLAAEKIVARYIEEEARIAAEKKAAVATAIETAEESIESKLAAINEMDGTLVDKYVARRTILNSLQPPVTGVAKYTAKKLAREHGEPVKTGVARYLVKQYLASLNAPKVTKVEKYITKRELLALRAPATTGVDKYLAKSLLSRKETLKVSGVSKYLKKHTLTDNKVRNITGVARYMIKQIVAPTAAEPVIELTGVEKYLRNAG*,else,[],EQU24_RS21600||hypothetical protein
EQU24_RS21605,3,-4.073107617908476,-4.04549707291707,-4.333912579918584,-4.4768208942586645,-3.8913206530083566,-4.02943429741529,-3.5106010787807738,-3.4330618430285176,-4.942519835819935,-6.203185074185388,-4.9278961966035135,-5.455188534148995,-4.576664759431538,-6.805237305571993,-5.343722502220613,-2.2710776863528057,-5.093724169614325,-3.8908719199245287,-8.100580328416449,-3.512802075046041,tkt,transketolase,4874941,4876954,2014,MPSRRDLANAIRALSMDAVQKANSGHPGAPMGMADIAEVLWNDFLQHNPTNPSWANRDRFVLSNGHGSMLLYSLLHLTGYGLPIDELKQFRQLHSKTPGHPEYGYAPGVETTTGPLGQGITNAVGFAIAERALAGQFNRPGHEIVDHYTYAFLGDGCLMEGISHEACSLAGSMKLGKLIAVYDDNNISIDGEVRGHGDTPGWFLDDTPKRFEAYGWHVIPKVDGHNPEAVKKALEEARSVTDRPTLICCQTIIGWGSPNKEGKEECHGAALGEAEIEATRERIGWPHAPFEIPADIYAGWDAKHKGARQEAEWNDKFAKYQAAHPELAAEFERRMSGQLPSDWAEKSNAFIAAVDAKGETIASRKASQNTLNGFGPLLPELMGGSADLAGSNLTLWSGCKDVNAPGHDGNYVYYGVREFGMSAIMNGITLHGGFKPYGATFLMFSEYARNALRMAALMKIPTIFVYTHDSIGLGEDGPTHQPVEQTATLRMIPNMQVWRPCDAVESAVSWKAAIERNDGPSCLIFSRQNLAHIARTSAQIEAIGKGGYILKDSEGQPDVILIATGSEVELAVKAADELSGKGKKVRVVSMPSTNVFDAQDEAYRESVLPKAVTKRVVVEAGVTDSWWKYAGSNGCVIGLDRFGESAPAGALFKEFGFTVDNVVKHVEALL*,else,"['GO:0004802', 'GO:0046872']",EQU24_RS21605|tkt|transketolase
EQU24_RS21615,3,-4.073107617908476,-4.04549707291707,-4.333912579918584,-4.4768208942586645,-3.790105562695964,-4.02943429741529,-3.462249904393012,-3.4330618430285176,-4.942519835819935,-6.203185074185388,-4.9278961966035135,-5.455188534148995,-4.576664759431538,-6.805237305571993,-5.343722502220613,-2.2710776863528057,-5.093724169614325,-3.8908719199245287,-8.100580328416449,-3.512802075046041,,hypothetical protein,4878614,4879973,1360,MKNNNWLNSLLGILPTFSSDDSVELSSDVVVSVRNSEGPTGVERYLNKITPEKTVSVTGVARYLEKYAVKPEADKPQEIVVEKLEPESLPEEIESGVSRYLTKMNERAKVEPAVTGVAKYQMRHEILDKPREIVTGVAKYLTKQGFEEKKVPVRTGVEKYVTKQDLLENAEVPATGVAKYLLRQQIEATHLPQTTKVSKYMTQQEQAARQIPAQTGVTKYLTKQIELAKKSAQLTGVEKFIDEQEKAEQKLAAEKIVARYIEEEARIAAEKKAAVATAIETAEESIESKLAAINEMDGTLVDKYVARRTILNSLQPPVTGVAKYTAKKLAREHGEPVKTGVARYLVKQYLASLNAPKVTKVEKYITKRELLALRAPATTGVDKYLAKSLLSRKETLKVSGVSKYLKKHTLTDNKVRNITGVARYMIKQIVAPTAAEPVIELTGVEKYLRNAG*,else,[],EQU24_RS21615||hypothetical protein
EQU24_RS21620,3,-4.073107617908476,-4.04549707291707,-4.333912579918584,-4.4768208942586645,-3.472194861135074,-4.02943429741529,-3.2418055588461967,-3.4330618430285176,-4.942519835819935,-6.203185074185388,-4.9278961966035135,-5.455188534148995,-4.576664759431538,-6.805237305571993,-5.343722502220613,-2.2710776863528057,-5.093724169614325,-3.8908719199245287,-8.100580328416449,-3.512802075046041,tkt,transketolase,4880130,4882143,2014,MPSRRDLANAIRALSMDAVQKANSGHPGAPMGMADIAEVLWNDFLQHNPTNPSWANRDRFVLSNGHGSMLLYSLLHLTGYGLPIDELKQFRQLHSKTPGHPEYGYAPGVETTTGPLGQGITNAVGFAIAERALAGQFNRPGHEIVDHYTYAFLGDGCLMEGISHEACSLAGSMKLGKLIAVYDDNNISIDGEVRGHGDTPGWFLDDTPKRFEAYGWHVIPKVDGHNPEAVKKALEEARSVTDRPTLICCQTIIGWGSPNKEGKEECHGAALGEAEIEATRERIGWPHAPFEIPADIYAGWDAKHKGARQEAEWNDKFAKYQAAHPELAAEFERRMSGQLPSDWAEKSNAFIAAVDAKGETIASRKASQNTLNGFGPLLPELMGGSADLAGSNLTLWSGCKDVNAPGHDGNYVYYGVREFGMSAIMNGITLHGGFKPYGATFLMFSEYARNALRMAALMKIPTIFVYTHDSIGLGEDGPTHQPVEQTATLRMIPNMQVWRPCDAVESAVSWKAAIERNDGPSCLIFSRQNLAHIARTSAQIEAIGKGGYILKDSEGQPDVILIATGSEVELAVKAADELSGKGKKVRVVSMPSTNVFDAQDEAYRESVLPKAVTKRVVVEAGVTDSWWKYAGSNGCVIGLDRFGESAPAGALFKEFGFTVDNVVKHVEALL*,else,"['GO:0004802', 'GO:0046872']",EQU24_RS21620|tkt|transketolase
